method,method_key,M,subvector_dimension,nprobe,lookup_table_precision,index_vectors,build_seconds,recall_at_10,success_at_10,mrr_at_10,ndcg_at_10,p50_ms_per_query,p95_ms_per_query,qps,timed_queries,tail_queries_excluded,serialized_index_bytes,external_transform_bytes,serialized_total_bytes,serialized_compression_x,analytical_code_bytes,analytical_code_compression_x,pareto_quality_storage,pareto_quality_qps,source_run
GPU IVF-PQ,ivfpq,24,16.0,4,float16,1000000,9.87747505399966,0.5434216809933142,0.554297994269341,0.37220556465183974,0.409726140124054,0.007170765627506626,0.011425459373981518,56068.6677197613,6976,4,38717620,0,46717620,33.04962881242666,24000000,64.0,false,false,pilot_m24_m48
GPU IVF-PQ,ivfpq,24,16.0,16,float16,1000000,9.87747505399966,0.617562082139446,0.6289398280802292,0.4183291831536817,0.46228483682298666,0.01286354687124458,0.015779690627937264,71360.23544173597,6976,4,38717620,0,46717620,33.04962881242666,24000000,64.0,false,false,pilot_m24_m48
GPU IVF-PQ,ivfpq,24,16.0,32,float16,1000000,9.87747505399966,0.6371895893027698,0.6487106017191977,0.4288076477009141,0.47488348574839523,0.019764093750040956,0.032148740621096294,46386.14309591795,6976,4,38717620,0,46717620,33.04962881242666,24000000,64.0,false,false,pilot_m24_m48
GPU IVF-PQ,ivfpq,24,16.0,64,float16,1000000,9.87747505399966,0.6493672397325692,0.6610315186246418,0.4352901146131805,0.48269265235276937,0.03200959375249113,0.03418283125142807,32170.014542129473,6976,4,38717620,0,46717620,33.04962881242666,24000000,64.0,true,false,pilot_m24_m48
Native Faiss OPQMatrix + GPU IVF-PQ,native_opq_ivfpq,24,16.0,4,float16,1000000,550.8513594149999,0.5573304680038205,0.5683381088825215,0.38841298267157864,0.4255352281021133,0.006051421877373286,0.008119331243960914,145264.17851210575,6976,4,38717620,589952,47307572,32.637481374017675,24000000,64.0,false,false,pilot_m24_m48
Native Faiss OPQMatrix + GPU IVF-PQ,native_opq_ivfpq,24,16.0,16,float16,1000000,550.8513594149999,0.6448185291308501,0.6560171919770774,0.4435789330058671,0.4884159720950161,0.01092462500196234,0.014776787492110078,84410.40596229269,6976,4,38717620,589952,47307572,32.637481374017675,24000000,64.0,false,false,pilot_m24_m48
Native Faiss OPQMatrix + GPU IVF-PQ,native_opq_ivfpq,24,16.0,32,float16,1000000,550.8513594149999,0.6708930276981854,0.6818051575931232,0.4585107108746077,0.5060064687165364,0.01681943750497794,0.02088307188330418,56783.241731045986,6976,4,38717620,589952,47307572,32.637481374017675,24000000,64.0,false,false,pilot_m24_m48
Native Faiss OPQMatrix + GPU IVF-PQ,native_opq_ivfpq,24,16.0,64,float16,1000000,550.8513594149999,0.6880133715377269,0.6991404011461319,0.4683063855914858,0.5174745113201092,0.027327453125280954,0.028860643757866455,35608.26831493906,6976,4,38717620,589952,47307572,32.637481374017675,24000000,64.0,true,false,pilot_m24_m48
GPU IVF-PQ,ivfpq,32,12.0,4,float16,1000000,10.324065283999516,0.5607808022922636,0.5717765042979943,0.39563224860144636,0.43171283459126775,0.006525828126768829,0.007634265625711123,64509.21562650263,6976,4,46717620,0,54717620,28.217601569658914,32000000,48.0,false,false,full_m32_m64_m96
GPU IVF-PQ,ivfpq,32,12.0,16,float16,1000000,10.324065283999516,0.6499641833810889,0.6613180515759313,0.45259215672897624,0.49631064082212856,0.01213454687842841,0.020132496868541235,74522.126329017,6976,4,46717620,0,54717620,28.217601569658914,32000000,48.0,false,false,full_m32_m64_m96
GPU IVF-PQ,ivfpq,32,12.0,32,float16,1000000,10.324065283999516,0.6768982808022923,0.6878223495702006,0.46713899122208574,0.5139221288885006,0.01847470312554833,0.02040864061996217,53141.32332824357,6976,4,46717620,0,54717620,28.217601569658914,32000000,48.0,false,false,full_m32_m64_m96
GPU IVF-PQ,ivfpq,32,12.0,64,float16,1000000,10.324065283999516,0.6957139446036295,0.7068767908309456,0.4776448583253741,0.5264136108020473,0.032076906251177206,0.03729972499968426,30404.227031481125,6976,4,46717620,0,54717620,28.217601569658914,32000000,48.0,true,false,full_m32_m64_m96
Native Faiss OPQMatrix + GPU IVF-PQ,native_opq_ivfpq,32,12.0,4,float16,1000000,863.0464335380002,0.571251193887297,0.5816618911174785,0.40984672761177054,0.44502961455454754,0.006222562490165728,0.007786393751985088,148233.98522122047,6976,4,46717620,589952,55307572,27.916611490376038,32000000,48.0,false,true,full_m32_m64_m96
Native Faiss OPQMatrix + GPU IVF-PQ,native_opq_ivfpq,32,12.0,16,float16,1000000,863.0464335380002,0.6683858643744031,0.6790830945558739,0.47274173375176237,0.5161080295425369,0.011246124998365303,0.013254625002900866,86237.42433555868,6976,4,46717620,589952,55307572,27.916611490376038,32000000,48.0,false,true,full_m32_m64_m96
Native Faiss OPQMatrix + GPU IVF-PQ,native_opq_ivfpq,32,12.0,32,float16,1000000,863.0464335380002,0.6991881566380134,0.7095988538681949,0.4915147587210624,0.5377475357113239,0.017630218749786764,0.01931501562921767,55933.581182627844,6976,4,46717620,589952,55307572,27.916611490376038,32000000,48.0,false,false,full_m32_m64_m96
Native Faiss OPQMatrix + GPU IVF-PQ,native_opq_ivfpq,32,12.0,64,float16,1000000,863.0464335380002,0.7226361031518624,0.7332378223495702,0.5049055691999819,0.5534767803955818,0.029156875001490334,0.030991518750056457,34112.80272526427,6976,4,46717620,589952,55307572,27.916611490376038,32000000,48.0,true,false,full_m32_m64_m96
GPU IVF-PQ,ivfpq,48,8.0,4,float16,1000000,12.557646105999993,0.5873567335243552,0.5979942693409742,0.42956354891526816,0.4639043523824851,0.0073271250045081615,0.010993596879416144,131838.05743880753,6976,4,62717620,0,70717620,21.833313960509418,48000000,32.0,false,false,pilot_m24_m48
GPU IVF-PQ,ivfpq,48,8.0,16,float16,1000000,12.557646105999993,0.6907473734479465,0.7011461318051576,0.497640196479738,0.5405480306547759,0.013453500002924557,0.01584035312305332,70851.0552331016,6976,4,62717620,0,70717620,21.833313960509418,48000000,32.0,false,true,pilot_m24_m48
GPU IVF-PQ,ivfpq,48,8.0,32,float16,1000000,12.557646105999993,0.7249164278892072,0.7346704871060172,0.5183789853095011,0.5646621216968357,0.02321351561818119,0.024829075002230635,43904.53558033466,6976,4,62717620,0,70717620,21.833313960509418,48000000,32.0,false,true,pilot_m24_m48
GPU IVF-PQ,ivfpq,48,8.0,64,float16,1000000,12.557646105999993,0.7489374403056351,0.7587392550143266,0.533693773593487,0.5819941032452368,0.04294953124883705,0.04576945937913024,23750.448508446683,6976,4,62717620,0,70717620,21.833313960509418,48000000,32.0,true,false,pilot_m24_m48
Native Faiss OPQMatrix + GPU IVF-PQ,native_opq_ivfpq,48,8.0,4,float16,1000000,1162.6647588019996,0.5908667621776504,0.6008595988538682,0.43595516668940737,0.4694669372648645,0.0059402187559953745,0.007996121877340555,147351.8510917258,6976,4,62717620,589952,71307572,21.652679465793618,48000000,32.0,false,true,pilot_m24_m48
Native Faiss OPQMatrix + GPU IVF-PQ,native_opq_ivfpq,48,8.0,16,float16,1000000,1162.6647588019996,0.6981255969436484,0.7078796561604584,0.5087376631645972,0.5507587674530096,0.01401248437105096,0.03348342813467297,60641.349378835075,6976,4,62717620,589952,71307572,21.652679465793618,48000000,32.0,false,false,pilot_m24_m48
Native Faiss OPQMatrix + GPU IVF-PQ,native_opq_ivfpq,48,8.0,32,float16,1000000,1162.6647588019996,0.7339422158548232,0.7435530085959885,0.5308408946195479,0.5761940230113619,0.023480781237594783,0.031549412494769044,41289.19302400785,6976,4,62717620,589952,71307572,21.652679465793618,48000000,32.0,false,true,pilot_m24_m48
Native Faiss OPQMatrix + GPU IVF-PQ,native_opq_ivfpq,48,8.0,64,float16,1000000,1162.6647588019996,0.7609360076408788,0.770487106017192,0.5481605607859189,0.5957879484094629,0.04147359375394899,0.04439388750938633,24087.86862185817,6976,4,62717620,589952,71307572,21.652679465793618,48000000,32.0,true,true,pilot_m24_m48
GPU IVF-PQ,ivfpq,64,6.0,4,float16,1000000,12.89349168300032,0.5990687679083094,0.6091690544412608,0.44460232182653386,0.47821156458678554,0.007819078120974154,0.008809950006138932,116670.14119368797,6976,4,78717620,0,86717620,17.804916693977532,64000000,24.0,false,false,full_m32_m64_m96
GPU IVF-PQ,ivfpq,64,6.0,16,float16,1000000,12.89349168300032,0.707712511938873,0.7177650429799427,0.5198745849820349,0.5613433876342399,0.014302124995424492,0.016533387500317076,68581.892704009,6976,4,78717620,0,86717620,17.804916693977532,64000000,24.0,false,true,full_m32_m64_m96
GPU IVF-PQ,ivfpq,64,6.0,32,float16,1000000,12.89349168300032,0.74481852913085,0.7541547277936963,0.5434067289762131,0.5882858883631737,0.02539659374178882,0.027287890628713285,39633.919845257406,6976,4,78717620,0,86717620,17.804916693977532,64000000,24.0,false,false,full_m32_m64_m96
GPU IVF-PQ,ivfpq,64,6.0,64,float16,1000000,12.89349168300032,0.7728868194842407,0.782378223495702,0.5623000523036339,0.6094012157557168,0.04658078124464282,0.04873926874893186,21628.41012968273,6976,4,78717620,0,86717620,17.804916693977532,64000000,24.0,true,true,full_m32_m64_m96
Native Faiss OPQMatrix + GPU IVF-PQ,native_opq_ivfpq,64,6.0,4,float16,1000000,1575.319611586,0.5982927411652341,0.6085959885386819,0.44440521671897026,0.4779282585070198,0.006943812508097835,0.008599378116969092,136660.3226396426,6976,4,78717620,589952,87307572,17.684605866716808,64000000,24.0,false,true,full_m32_m64_m96
Native Faiss OPQMatrix + GPU IVF-PQ,native_opq_ivfpq,64,6.0,16,float16,1000000,1575.319611586,0.7085601719197707,0.7186246418338109,0.5208371424023286,0.5625483485230695,0.014873890620492602,0.016924471884749437,65545.52869090787,6976,4,78717620,589952,87307572,17.684605866716808,64000000,24.0,false,true,full_m32_m64_m96
Native Faiss OPQMatrix + GPU IVF-PQ,native_opq_ivfpq,64,6.0,32,float16,1000000,1575.319611586,0.7465019102196753,0.7558739255014326,0.5462537522172193,0.591094266294478,0.025159406249031235,0.026345590623577664,39831.6025368161,6976,4,78717620,589952,87307572,17.684605866716808,64000000,24.0,false,true,full_m32_m64_m96
Native Faiss OPQMatrix + GPU IVF-PQ,native_opq_ivfpq,64,6.0,64,float16,1000000,1575.319611586,0.7751790830945559,0.7842406876790831,0.5654680606722154,0.6125800590856508,0.04627028124559729,0.050121334362529524,21511.954591683523,6976,4,78717620,589952,87307572,17.684605866716808,64000000,24.0,true,true,full_m32_m64_m96
GPU IVF-PQ,ivfpq,96,4.0,4,float16,1000000,17.756798379999964,0.6072588347659982,0.617191977077364,0.45805640833219635,0.4905752365636237,0.007752171882202674,0.009301915625314903,60196.18849085795,6976,4,110717620,0,118717620,13.005651562084887,96000000,16.0,false,false,full_m32_m64_m96
GPU IVF-PQ,ivfpq,96,4.0,16,float16,1000000,17.756798379999964,0.7194603629417382,0.7287965616045845,0.5361274275708373,0.5769508182705254,0.020542968755421498,0.023651587500239653,47147.26504407061,6976,4,110717620,0,118717620,13.005651562084887,96000000,16.0,false,true,full_m32_m64_m96
GPU IVF-PQ,ivfpq,96,4.0,32,float16,1000000,17.756798379999964,0.7595510983763132,0.7681948424068767,0.5618855460044572,0.6064309916475499,0.03716987500013147,0.03926423749476271,27327.661906190933,6976,4,110717620,0,118717620,13.005651562084887,96000000,16.0,false,true,full_m32_m64_m96
GPU IVF-PQ,ivfpq,96,4.0,64,float16,1000000,17.756798379999964,0.7886938872970392,0.7972779369627507,0.5833564720061855,0.6296698068439014,0.0687129375052109,0.0723614468768119,14619.053983627291,6976,4,110717620,0,118717620,13.005651562084887,96000000,16.0,true,false,full_m32_m64_m96
Native Faiss OPQMatrix + GPU IVF-PQ,native_opq_ivfpq,96,4.0,4,float16,1000000,2168.7220140240006,0.605826170009551,0.6153295128939829,0.4572661686451084,0.4894519196961576,0.007785296887163895,0.010061062494060025,116705.01265096552,6976,4,110717620,589952,119307572,12.941341225182255,96000000,16.0,false,true,full_m32_m64_m96
Native Faiss OPQMatrix + GPU IVF-PQ,native_opq_ivfpq,96,4.0,16,float16,1000000,2168.7220140240006,0.719269340974212,0.7287965616045845,0.5359470368854323,0.5766388172377709,0.02022909374943538,0.021877746871723502,49429.40357441076,6976,4,110717620,589952,119307572,12.941341225182255,96000000,16.0,false,true,full_m32_m64_m96
Native Faiss OPQMatrix + GPU IVF-PQ,native_opq_ivfpq,96,4.0,32,float16,1000000,2168.7220140240006,0.7592168099331422,0.7679083094555874,0.5623135830263337,0.606531455604763,0.03639104687636063,0.038437946884073426,27648.308004444036,6976,4,110717620,589952,119307572,12.941341225182255,96000000,16.0,false,true,full_m32_m64_m96
Native Faiss OPQMatrix + GPU IVF-PQ,native_opq_ivfpq,96,4.0,64,float16,1000000,2168.7220140240006,0.7894699140401146,0.7979942693409742,0.584207315686542,0.6304457263075037,0.06859475000453585,0.07169319999889012,14711.715364658805,6976,4,110717620,589952,119307572,12.941341225182255,96000000,16.0,true,true,full_m32_m64_m96
