qid,query_text,query_token_count,positive_qrel_count,base_m32_recall@10,base_m32_success@10,base_m32_mrr@10,base_m32_ndcg@10,pca_r16_int8_recall@10,pca_r16_int8_success@10,pca_r16_int8_mrr@10,pca_r16_int8_ndcg@10,rars_r16_int8_recall@10,rars_r16_int8_success@10,rars_r16_int8_mrr@10,rars_r16_int8_ndcg@10,rars_minus_pca_recall_at_10,pca_minus_base_recall_at_10,rars_minus_base_recall_at_10,rars_minus_pca_success_at_10,pca_minus_base_success_at_10,rars_minus_base_success_at_10,rars_minus_pca_mrr_at_10,pca_minus_base_mrr_at_10,rars_minus_base_mrr_at_10,rars_minus_pca_ndcg_at_10,pca_minus_base_ndcg_at_10,rars_minus_base_ndcg_at_10,rars_vs_pca_recall_group,rars_mrr_up_recall_down_vs_pca,rars_ndcg_up_recall_down_vs_pca
156493,do goldfish grow,3,18,0.4444444444444444,1.0,1.0,0.8630152897016882,0.4444444444444444,1.0,1.0,0.866947989864271,0.4444444444444444,1.0,1.0,0.8572048559638626,0.0,0.0,0.0,0.0,0.0,0.0,0.0,0.0,0.0,-0.009743133900408374,0.003932700162582847,-0.005810433737825527,tie,False,False
1110199,what is wifi vs bluetooth,5,6,0.6666666666666666,1.0,1.0,0.8432259314253568,0.5,1.0,1.0,0.6889109194842843,0.5,1.0,1.0,0.6889109194842843,0.0,-0.16666666666666663,-0.16666666666666663,0.0,0.0,0.0,0.0,0.0,0.0,0.0,-0.15431501194107256,-0.15431501194107256,tie,False,False
1063750,why did the us volunterilay enter ww1,7,39,0.1538461538461538,1.0,1.0,0.6987957033953602,0.2051282051282051,1.0,1.0,0.8482378089219647,0.2051282051282051,1.0,1.0,0.8482378089219647,0.0,0.051282051282051294,0.051282051282051294,0.0,0.0,0.0,0.0,0.0,0.0,0.0,0.14944210552660442,0.14944210552660442,tie,False,False
130510,definition declaratory judgment,3,5,0.8,1.0,1.0,0.7646944921510597,0.6,1.0,1.0,0.7073371794979774,0.6,1.0,1.0,0.7073371794979774,0.0,-0.20000000000000007,-0.20000000000000007,0.0,0.0,0.0,0.0,0.0,0.0,0.0,-0.057357312653082304,-0.057357312653082304,tie,False,False
489204,right pelvic pain causes,4,10,0.4,1.0,1.0,0.5146124363672937,0.4,1.0,1.0,0.7029907106179011,0.4,1.0,1.0,0.6977709637817419,0.0,0.0,0.0,0.0,0.0,0.0,0.0,0.0,0.0,-0.0052197468361592225,0.18837827425060738,0.18315852741444816,tie,False,False
573724,what are the social determinants of health,7,6,0.6666666666666666,1.0,1.0,0.7439210898998881,0.6666666666666666,1.0,1.0,0.7559822853718005,0.6666666666666666,1.0,1.0,0.7439210898998881,0.0,0.0,0.0,0.0,0.0,0.0,0.0,0.0,0.0,-0.012061195471912312,0.012061195471912312,0.0,tie,False,False
168216,does legionella pneumophila cause pneumonia,5,36,0.1666666666666666,1.0,1.0,0.677966795750161,0.1666666666666666,1.0,1.0,0.677966795750161,0.1944444444444444,1.0,1.0,0.7028159857295806,0.02777777777777779,0.0,0.02777777777777779,0.0,0.0,0.0,0.0,0.0,0.0,0.02484918997941954,0.0,0.02484918997941954,win,False,False
1133167,how is the weather in jamaica,6,33,0.2727272727272727,1.0,1.0,0.9305687780632228,0.303030303030303,1.0,1.0,1.0,0.303030303030303,1.0,1.0,1.0,0.0,0.030303030303030276,0.030303030303030276,0.0,0.0,0.0,0.0,0.0,0.0,0.0,0.0694312219367772,0.0694312219367772,tie,False,False
527433,types of dysarthria from cerebral palsy,6,11,0.4545454545454545,1.0,1.0,0.645413416735452,0.5454545454545454,1.0,1.0,0.6655562743721781,0.5454545454545454,1.0,1.0,0.6616539327382528,0.0,0.09090909090909094,0.09090909090909094,0.0,0.0,0.0,0.0,0.0,0.0,-0.0039023416339253325,0.020142857636726075,0.016240516002800742,tie,False,False
1037798,who is robert gray,4,1,0.0,0.0,0.0,0.0,0.0,0.0,0.0,0.0,0.0,0.0,0.0,0.0,0.0,0.0,0.0,0.0,0.0,0.0,0.0,0.0,0.0,0.0,0.0,0.0,tie,False,False
915593,what types of food can you cook sous vide,9,15,0.1333333333333333,1.0,1.0,0.1436806014781235,0.2,1.0,1.0,0.2681057515149304,0.2,1.0,1.0,0.2681057515149304,0.0,0.06666666666666671,0.06666666666666671,0.0,0.0,0.0,0.0,0.0,0.0,0.0,0.12442515003680688,0.12442515003680688,tie,False,False
264014,how long is life cycle of flea,7,27,0.3703703703703703,1.0,1.0,0.8319592741952931,0.3703703703703703,1.0,1.0,0.8275366187032203,0.3703703703703703,1.0,1.0,0.8275366187032203,0.0,0.0,0.0,0.0,0.0,0.0,0.0,0.0,0.0,0.0,-0.00442265549207288,-0.00442265549207288,tie,False,False
1121402,what can contour plowing reduce,5,8,0.375,1.0,0.3333333333333333,0.3009805321141693,0.375,1.0,0.5,0.3913151799822054,0.375,1.0,0.5,0.3913151799822054,0.0,0.0,0.0,0.0,0.0,0.0,0.0,0.16666666666666669,0.16666666666666669,0.0,0.09033464786803608,0.09033464786803608,tie,False,False
962179,when was the salvation army founded,6,1,1.0,1.0,0.3333333333333333,0.5,1.0,1.0,0.125,0.3154648767857287,0.0,0.0,0.0,0.0,-1.0,0.0,-1.0,-1.0,0.0,-1.0,-0.125,-0.20833333333333331,-0.3333333333333333,-0.3154648767857287,-0.1845351232142713,-0.5,loss,False,False
1117099,what is a active margin,5,19,0.0,0.0,0.0,0.0,0.0,0.0,0.0,0.0,0.0,0.0,0.0,0.0,0.0,0.0,0.0,0.0,0.0,0.0,0.0,0.0,0.0,0.0,0.0,0.0,tie,False,False
148538,difference between rn and bsn,5,7,0.4285714285714285,1.0,0.5,0.2597132281975813,0.5714285714285714,1.0,0.5,0.3078147512765996,0.4285714285714285,1.0,0.5,0.2565439380786204,-0.1428571428571429,0.1428571428571429,0.0,0.0,0.0,0.0,0.0,0.0,0.0,-0.05127081319797916,0.04810152307901827,-0.003169290118960888,loss,False,False
451602,medicare's definition of mechanical ventilation,5,17,0.0588235294117647,1.0,0.3333333333333333,0.1363504249233946,0.1176470588235294,1.0,0.3333333333333333,0.2184415605703376,0.1176470588235294,1.0,1.0,0.3587283898430701,0.0,0.0588235294117647,0.0588235294117647,0.0,0.0,0.0,0.6666666666666667,0.0,0.6666666666666667,0.1402868292727325,0.08209113564694298,0.22237796491967549,tie,False,False
359349,how to find the midsegment of a trapezoid,8,4,0.0,0.0,0.0,0.0,0.0,0.0,0.0,0.0,0.0,0.0,0.0,0.0,0.0,0.0,0.0,0.0,0.0,0.0,0.0,0.0,0.0,0.0,0.0,0.0,tie,False,False
1115776,what is an aml surveillance analyst,6,1,0.0,0.0,0.0,0.0,0.0,0.0,0.0,0.0,0.0,0.0,0.0,0.0,0.0,0.0,0.0,0.0,0.0,0.0,0.0,0.0,0.0,0.0,0.0,0.0,tie,False,False
1112341,what is the daily life of thai people,8,13,0.1538461538461538,1.0,1.0,0.2602071281170199,0.1538461538461538,1.0,1.0,0.2661209264833158,0.3076923076923077,1.0,1.0,0.3056251911327834,0.1538461538461539,0.0,0.1538461538461539,0.0,0.0,0.0,0.0,0.0,0.0,0.0395042646494676,0.005913798366295908,0.04541806301576351,win,False,False
131843,definition of a sigmet,4,8,0.0,0.0,0.0,0.0,0.0,0.0,0.0,0.0,0.0,0.0,0.0,0.0,0.0,0.0,0.0,0.0,0.0,0.0,0.0,0.0,0.0,0.0,0.0,0.0,tie,False,False
104861,cost of interior concrete flooring,5,20,0.35,1.0,1.0,0.7753366239771086,0.25,1.0,1.0,0.6300426811446146,0.25,1.0,1.0,0.6274092458891772,0.0,-0.09999999999999998,-0.09999999999999998,0.0,0.0,0.0,0.0,0.0,0.0,-0.0026334352554373552,-0.14529394283249397,-0.14792737808793133,tie,False,False
833860,what is the most popular food in switzerland,8,8,0.375,1.0,0.5,0.3607319401902098,0.5,1.0,1.0,0.5816200371279562,0.5,1.0,1.0,0.5653203231254091,0.0,0.125,0.125,0.0,0.0,0.0,0.0,0.5,0.5,-0.01629971400254704,0.22088809693774636,0.20458838293519932,tie,False,False
207786,how are some sharks warm blooded,6,6,0.3333333333333333,1.0,1.0,0.4381753209686198,0.1666666666666666,1.0,1.0,0.3964831514608786,0.1666666666666666,1.0,1.0,0.3964831514608786,0.0,-0.1666666666666667,-0.1666666666666667,0.0,0.0,0.0,0.0,0.0,0.0,0.0,-0.041692169507741184,-0.041692169507741184,tie,False,False
1114819,what is durable medical equipment consist of,7,37,0.2162162162162162,1.0,1.0,0.6500852126823219,0.2432432432432432,1.0,1.0,0.7758841849550664,0.2432432432432432,1.0,1.0,0.7784789636421007,0.0,0.027027027027027,0.027027027027027,0.0,0.0,0.0,0.0,0.0,0.0,0.0025947786870342826,0.1257989722727445,0.12839375095977879,tie,False,False
183378,exons definition biology,3,29,0.1379310344827586,1.0,1.0,0.4598181682631186,0.1724137931034483,1.0,1.0,0.5595616648195818,0.1724137931034483,1.0,1.0,0.5505946177776837,0.0,0.034482758620689696,0.034482758620689696,0.0,0.0,0.0,0.0,0.0,0.0,-0.008967047041898102,0.0997434965564632,0.0907764495145651,tie,False,False
1106007,define visceral?,2,7,0.5714285714285714,1.0,1.0,0.5771056508321654,0.5714285714285714,1.0,1.0,0.5853011007339132,0.5714285714285714,1.0,1.0,0.589515241524603,0.0,0.0,0.0,0.0,0.0,0.0,0.0,0.0,0.0,0.004214140790689824,0.008195449901747809,0.012409590692437633,tie,False,False
1124210,tracheids are part of _____.,5,14,0.0,0.0,0.0,0.0,0.0,0.0,0.0,0.0,0.0,0.0,0.0,0.0,0.0,0.0,0.0,0.0,0.0,0.0,0.0,0.0,0.0,0.0,0.0,0.0,tie,False,False
490595,rsa definition key,3,8,0.625,1.0,1.0,0.4412230184898114,0.625,1.0,1.0,0.428401916523083,0.625,1.0,1.0,0.4384905410274579,0.0,0.0,0.0,0.0,0.0,0.0,0.0,0.0,0.0,0.010088624504374866,-0.012821101966728365,-0.0027324774623534998,tie,False,False
1103812,who formed the commonwealth of independent states,7,1,0.0,0.0,0.0,0.0,0.0,0.0,0.0,0.0,0.0,0.0,0.0,0.0,0.0,0.0,0.0,0.0,0.0,0.0,0.0,0.0,0.0,0.0,0.0,0.0,tie,False,False
87181,causes of left ventricular hypertrophy,5,11,0.2727272727272727,1.0,1.0,0.5232567163458878,0.2727272727272727,1.0,1.0,0.5489044210487404,0.2727272727272727,1.0,1.0,0.5216173984013966,0.0,0.0,0.0,0.0,0.0,0.0,0.0,0.0,0.0,-0.02728702264734373,0.025647704702852603,-0.0016393179444911254,tie,False,False
443396,lps laws definition,3,15,0.0666666666666666,1.0,1.0,0.2931678907415521,0.0666666666666666,1.0,1.0,0.2931678907415521,0.0666666666666666,1.0,1.0,0.2931678907415521,0.0,0.0,0.0,0.0,0.0,0.0,0.0,0.0,0.0,0.0,0.0,0.0,tie,False,False
87452,causes of military suicide,4,5,0.6,1.0,1.0,0.6169532977309885,0.4,1.0,1.0,0.4364540762790479,0.6,1.0,1.0,0.6334381416894744,0.19999999999999996,-0.19999999999999996,0.0,0.0,0.0,0.0,0.0,0.0,0.0,0.1969840654104265,-0.18049922145194058,0.01648484395848593,win,False,False
855410,what is theraderm used for,5,1,1.0,1.0,0.1428571428571428,0.3333333333333333,1.0,1.0,0.3333333333333333,0.5,1.0,1.0,0.3333333333333333,0.5,0.0,0.0,0.0,0.0,0.0,0.0,0.0,0.19047619047619052,0.19047619047619052,0.0,0.16666666666666669,0.16666666666666669,tie,False,False
1114646,what is famvir prescribed for,5,8,0.25,1.0,1.0,0.4009229871580482,0.375,1.0,1.0,0.5255522360466987,0.375,1.0,1.0,0.5255522360466987,0.0,0.125,0.125,0.0,0.0,0.0,0.0,0.0,0.0,0.0,0.12462924888865046,0.12462924888865046,tie,False,False
19335,anthropological definition of environment,4,4,0.5,1.0,1.0,0.8513665030829379,0.25,1.0,0.5,0.5158504273892156,0.25,1.0,1.0,0.8176035833928883,0.0,-0.25,-0.25,0.0,0.0,0.0,0.5,-0.5,0.0,0.3017531560036727,-0.3355160756937223,-0.03376291969004963,tie,False,False
47923,axon terminals or synaptic knob definition,6,14,0.4285714285714285,1.0,1.0,0.3190305187528087,0.5,1.0,1.0,0.4517880423634117,0.5,1.0,1.0,0.4482467609047989,0.0,0.07142857142857151,0.07142857142857151,0.0,0.0,0.0,0.0,0.0,0.0,-0.003541281458612766,0.132757523610603,0.12921624215199023,tie,False,False
405717,is cdg airport in main paris,6,7,0.8571428571428571,1.0,0.5,0.5617265316176251,0.8571428571428571,1.0,1.0,0.6572706707202991,0.8571428571428571,1.0,1.0,0.6627062191571578,0.0,0.0,0.0,0.0,0.0,0.0,0.0,0.5,0.5,0.005435548436858673,0.09554413910267401,0.10097968753953268,tie,False,False
182539,example of monotonic function,4,1,0.0,0.0,0.0,0.0,0.0,0.0,0.0,0.0,0.0,0.0,0.0,0.0,0.0,0.0,0.0,0.0,0.0,0.0,0.0,0.0,0.0,0.0,0.0,0.0,tie,False,False
1113437,what is physical description of spruce,6,12,0.25,1.0,1.0,0.3120152725228298,0.25,1.0,1.0,0.3157230041107777,0.25,1.0,1.0,0.3169442748527593,0.0,0.0,0.0,0.0,0.0,0.0,0.0,0.0,0.0,0.0012212707419815838,0.0037077315879479045,0.004929002329929488,tie,False,False
1129237,hydrogen is a liquid below what temperature,7,5,0.6,1.0,0.5,0.5987478709429586,0.6,1.0,0.5,0.5595053677199512,0.6,1.0,0.5,0.5595053677199512,0.0,0.0,0.0,0.0,0.0,0.0,0.0,0.0,0.0,0.0,-0.039242503223007374,-0.039242503223007374,tie,False,False
146187,difference between a mcdouble and a double cheeseburger,8,4,0.75,1.0,1.0,0.8740642370870833,0.75,1.0,1.0,0.8740642370870833,0.75,1.0,1.0,0.8807824012671632,0.0,0.0,0.0,0.0,0.0,0.0,0.0,0.0,0.0,0.006718164180079977,0.0,0.006718164180079977,tie,False,False
